-- --------------------------------------------------------
-- 主機:                           localhost
-- 伺服器版本:                        5.7.24 - MySQL Community Server (GPL)
-- 伺服器操作系統:                      Win64
-- HeidiSQL 版本:                  10.2.0.5599
-- --------------------------------------------------------

/*!40101 SET @OLD_CHARACTER_SET_CLIENT=@@CHARACTER_SET_CLIENT */;
/*!40101 SET NAMES utf8 */;
/*!50503 SET NAMES utf8mb4 */;
/*!40014 SET @OLD_FOREIGN_KEY_CHECKS=@@FOREIGN_KEY_CHECKS, FOREIGN_KEY_CHECKS=0 */;
/*!40101 SET @OLD_SQL_MODE=@@SQL_MODE, SQL_MODE='NO_AUTO_VALUE_ON_ZERO' */;



INSERT INTO `categories` VALUES 
(1,'AA',0,1,'上衣類','2021-05-11 10:42:01','2021-09-11 10:42:01','2021-05-11 10:42:01',NULL,1),
(2,'AD',0,25,'外套類','2021-05-11 10:42:01',NULL,'2021-05-11 10:42:01',NULL,1),
(3,'AB',0,10,'下身類','2021-05-11 10:42:01','2021-09-11 09:36:48','2021-05-11 10:42:01',NULL,1),
(4,'AC',0,19,'洋裝','2021-05-11 10:42:01',NULL,'2021-05-11 10:42:01',NULL,1),
(5,'AABD',1,9,'聯名印花T','2021-05-11 10:42:01','2021-09-11 06:48:14','2021-05-11 10:42:01',NULL,1),
(6,'AAAD',1,5,'棉質短袖','2021-05-11 10:42:01',NULL,'2021-05-11 10:42:01',NULL,1),
(7,'AABB',1,7,'POLO系列','2021-05-11 10:42:01','2021-09-11 07:16:19','2021-05-11 10:42:01',NULL,1),
(8,'AABC',1,8,'莫代爾STYLE','2021-05-11 10:42:01','2021-09-15 02:45:01','2021-05-11 10:42:01',NULL,1),
(9,'AAAB',1,3,'條紋系列','2021-05-11 10:42:01',NULL,'2021-05-11 10:42:01',NULL,1),
(10,'AABA',1,6,'五/七分袖','2021-05-11 10:42:01',NULL,'2021-05-11 10:42:01',NULL,1),
(11,'AAAC',1,4,'長版上衣','2021-05-11 10:42:01','2021-09-11 05:22:34','2021-05-11 10:42:01',NULL,1),
(12,'AAAA',1,2,'針織衫','2021-05-11 10:42:01','2021-09-11 09:38:38','2021-05-11 10:42:01',NULL,1),
(13,'ADAC',2,28,'抗UV系列','2021-05-11 10:42:01',NULL,'2021-05-11 10:42:01',NULL,1),
(14,'ADAD',2,29,'風衣','2021-05-11 10:42:01','2021-09-11 07:13:50','2021-05-11 10:42:01',NULL,1),
(15,'ADAB',2,27,'休閒外套','2021-05-11 10:42:01',NULL,'2021-05-11 10:42:01',NULL,1),
(16,'ADAA',2,26,'針織外套','2021-05-11 10:42:01',NULL,'2021-05-11 10:42:01',NULL,1),
(17,'ABAA',3,11,'短褲','2021-05-11 10:42:01',NULL,'2021-05-11 10:42:01',NULL,1),
(18,'ABBA',3,15,'牛仔褲','2021-05-11 10:42:01',NULL,'2021-05-11 10:42:01',NULL,1),
(19,'ABAB',3,12,'寬褲','2021-05-11 10:42:01',NULL,'2021-05-11 10:42:01',NULL,1),
(20,'ABBB',3,16,'運動褲','2021-05-11 10:42:01',NULL,'2021-05-11 10:42:01',NULL,1),
(21,'ABBC',3,17,'緊身褲','2021-05-11 10:42:01',NULL,'2021-05-11 10:42:01',NULL,1),
(22,'ABBD',3,18,'七/九分褲','2021-05-11 10:42:01',NULL,'2021-05-11 10:42:01',NULL,1),
(23,'ABAD',3,14,'紗裙','2021-05-11 10:42:01','2021-09-11 07:54:14','2021-05-11 10:42:01',NULL,1),
(24,'ACAA',4,20,'無袖洋裝','2021-05-11 10:42:01',NULL,'2021-05-11 10:42:01',NULL,1),
(25,'ACAB',4,21,'短袖洋裝','2021-05-11 10:42:01',NULL,'2021-05-11 10:42:01',NULL,1),
(26,'ACAC',4,22,'七分/長袖洋裝','2021-05-11 10:42:01','2021-09-11 07:34:19','2021-05-11 10:42:01',NULL,1),
(27,'ABAC',3,13,'短裙','2021-05-11 10:42:01','2021-09-11 07:00:02','2021-05-11 10:42:01',NULL,1),
(29,'ACAD',4,23,'氣質洋裝','2021-09-15 03:01:45',NULL,'2021-09-15 03:01:45',NULL,1),
(30,'ACBA',4,24,'韓風洋裝','2021-09-15 03:06:14',NULL,'2021-09-15 03:06:14',NULL,1);




INSERT INTO `products` VALUES 
('iJ0sMwofNQ',30,'絲光V領長洋裝-女','<p><img alt=\"\" src=\"/pictures/files/4696501_D_01.jpg\" style=\"height:910px; width:760px\" /><img alt=\"\" src=\"/pictures/files/4696501_D_02.jpg\" style=\"height:910px; width:760px\" /><img alt=\"\" src=\"/pictures/files/46965_D_11.jpg\" style=\"height:920px; width:760px\" /><img alt=\"\" src=\"/pictures/files/46965_D_12.jpg\" style=\"height:780px; width:760px\" /></p>',790,590,'2021-09-24 06:32:41','2021-09-24 06:37:06',NULL,'2021-09-24 06:37:06'),
('Kodt0U80A9',30,'法蘭絨格紋洋裝-女','<p><img alt=\"\" src=\"/pictures/files/43541_D_52SP.jpg\" style=\"height:970px; width:760px\" /></p>\r\n\r\n<p><img alt=\"\" src=\"/pictures/files/C_TW.jpg\" style=\"height:1000px; width:760px\" /></p>\r\n\r\n<p><img alt=\"\" src=\"/pictures/files/43541_D_12SP.jpg\" style=\"height:965px; width:760px\" /></p>\r\n\r\n<p><img alt=\"\" src=\"/pictures/files/__thumbs/43541_D_16SP.jpg/43541_D_16SP__585x600.jpg\" style=\"height:600px; width:585px\" /></p>',690,650,'2021-09-24 10:35:18',NULL,NULL,'2021-09-24 10:35:18'),
('p3dFNdntUv',30,'厚雪紡短袖洋裝-女','<p><img alt=\"\" src=\"/pictures/files/landdress1.jpg\" style=\"height:910px; width:760px\" /><img alt=\"\" src=\"/pictures/files/landdress2.jpg\" style=\"height:910px; width:760px\" /><img alt=\"\" src=\"/pictures/files/landdress3.jpg\" style=\"height:780px; width:760px\" /></p>',690,399,'2021-09-24 03:28:32','2021-09-24 07:11:41',NULL,'2021-09-24 07:11:41'),
('sSeI6QexxL',30,'燈芯絨襯衫式洋裝-女','<p><img alt=\"\" src=\"/pictures/files/50750_D_11.jpg\" style=\"height:910px; width:760px\" /></p>\r\n\r\n<p><img alt=\"\" src=\"/pictures/files/50750_D_16.jpg\" style=\"height:780px; width:760px\" /></p>\r\n\r\n<p><img alt=\"\" src=\"/pictures/files/50750_D_12.jpg\" style=\"height:810px; width:760px\" /></p>\r\n\r\n<p><img alt=\"\" src=\"/pictures/files/50750_D_13.jpg\" style=\"height:760px; width:760px\" /></p>',690,690,'2021-09-24 07:38:14',NULL,NULL,'2021-09-24 07:38:14'),
('U7iLfOd0od',8,'莫代爾V領上衣-女','<p><img alt=\"\" src=\"/pictures/files/model1.jpg\" style=\"height:910px; width:760px\" /><img alt=\"\" src=\"/pictures/files/model2.jpg\" style=\"height:910px; width:760px\" /><img alt=\"\" src=\"/pictures/files/model3.jpg\" style=\"height:910px; width:760px\" /><img alt=\"\" src=\"/pictures/files/model4.jpg\" style=\"height:869px; width:760px\" /></p>',299,266,'2021-09-24 03:24:34','2021-09-24 07:07:29',NULL,'2021-09-24 07:07:29'),
('vshOry5xdL',30,'兩件式雪紡印花洋裝-女','<p><img alt=\"\" src=\"/pictures/files/4695301_green.jpg\" style=\"height:910px; width:760px\" /></p>\r\n\r\n<p><img alt=\"\" src=\"/pictures/files/46953_D_11.jpg\" style=\"height:980px; width:760px\" /></p>\r\n\r\n<p><img alt=\"\" src=\"/pictures/files/46953_D_13.jpg\" style=\"height:780px; width:760px\" /></p>\r\n\r\n<p><img alt=\"\" src=\"/pictures/files/46953_D_12.jpg\" style=\"height:1060px; width:760px\" /></p>',890,690,'2021-09-24 07:49:13',NULL,NULL,'2021-09-24 07:49:13'),
('yjEj4wKN70',23,'高腰雪紡細褶裙-女','<p><img alt=\"\" src=\"/pictures/files/longskirt1.jpg\" style=\"height:910px; width:760px\" /><img alt=\"\" src=\"/pictures/files/longskirt2.jpg\" style=\"height:910px; width:760px\" /><img alt=\"\" src=\"/pictures/files/longskirt3.jpg\" style=\"height:1175px; width:760px\" /><img alt=\"\" src=\"/pictures/files/longskirt4.jpg\" style=\"height:780px; width:760px\" /><img alt=\"\" src=\"/pictures/files/longskirt5.jpg\" style=\"height:780px; width:760px\" /></p>',490,330,'2021-09-24 03:33:11','2021-09-24 07:24:16',NULL,'2021-09-24 07:24:16');



INSERT INTO `patterns` VALUES 
(1,'黑色','/pictures/black.jpg','2021-05-11 10:42:01',NULL,1),
(2,'白色','/pictures/white.jpg','2021-05-11 10:42:01',NULL,1),
(3,'藍色','/pictures/blue.jpg','2021-05-11 10:42:01',NULL,1),
(4,'紅色','/pictures/red.jpg','2021-05-11 10:42:01',NULL,1),
(5,'黃色','/pictures/yellow.jpg','2021-05-11 10:42:01',NULL,1),
(6,'粉色','/pictures/pink.jpg','2021-05-11 10:42:01',NULL,1),
(7,'綠色','/pictures/green.jpg','2021-05-11 10:42:01',NULL,1),
(8,'橘色','/pictures/orange.jpg','2021-05-11 10:42:01',NULL,1),
(9,'灰色','/pictures/gray.jpg','2021-05-11 10:42:01',NULL,1),
(10,'咖啡色','/pictures/brown.jpg','2021-05-11 10:42:01',NULL,1);



INSERT INTO `sizes` VALUES 
(1,'S','2021-05-11 07:37:06',NULL,1),
(2,'M','2021-05-11 07:37:06',NULL,1),
(3,'L','2021-05-11 07:37:06',NULL,1),
(4,'XL','2021-05-11 07:37:06',NULL,1);



/*!因為有用到一些FK的關係，和FK有關的表的資料須先INSERT*/
INSERT INTO `photos` VALUES 
(12,'p3dFNdntUv',8,'/pictures/09140833339(1).jpg',52293,'2021-05-11 06:08:33','2021-05-11 06:08:33','2021-05-11 06:08:33'),
(13,'p3dFNdntUv',7,'/pictures/09140833183(2).jpg',21285,'2021-05-11 06:08:33','2021-05-11 06:08:33','2021-05-11 06:08:33'),
(14,'U7iLfOd0od',6,'/pictures/09141013157(1).jpg',25842,'2021-05-11 06:10:13','2021-05-11 06:10:13','2021-05-11 06:10:13'),
(15,'U7iLfOd0od',3,'/pictures/09141013640(2).jpg',24993,'2021-05-11 06:10:13','2021-05-11 06:10:13','2021-05-11 06:10:13'),
(16,'yjEj4wKN70',6,'/pictures/09141033702(1).jpg',28395,'2021-05-11 06:10:33','2021-05-11 06:10:33','2021-05-11 06:10:33'),
(17,'yjEj4wKN70',2,'/pictures/09141033111(2).jpg',22606,'2021-05-11 06:10:33','2021-05-11 06:10:33','2021-05-11 06:10:33'),
(18,'iJ0sMwofNQ',10,'/pictures/091437064814696501_500.jpg',25861,'2021-05-11 06:37:06','2021-05-11 06:37:06','2021-05-11 06:37:06'),
(19,'iJ0sMwofNQ',3,'/pictures/091437064124696502_500.jpg',21364,'2021-05-11 06:37:06','2021-05-11 06:37:06','2021-05-11 06:37:06'),
(20,'sSeI6QexxL',3,'/pictures/0915381491750750B.jpg',44878,'2021-05-11 07:38:14','2021-05-11 07:38:14','2021-05-11 07:38:14'),
(21,'sSeI6QexxL',10,'/pictures/010915381435850750D.jpg',50707,'2021-05-11 07:38:14','2021-05-11 07:38:14','2021-05-11 07:38:14'),
(22,'sSeI6QexxL',2,'/pictures/0915381438750750W.jpg',43952,'2021-05-11 07:38:14','2021-05-11 07:38:14','2021-05-11 07:38:14'),
(23,'vshOry5xdL',7,'/pictures/091549132084695301_D_01.jpg',68711,'2021-05-11 07:49:13','2021-05-11 07:49:13','2021-05-11 07:49:13'),
(24,'vshOry5xdL',3,'/pictures/091549137394695302_blue.jpg',32865,'2021-05-11 07:49:13','2021-05-11 07:49:13','2021-05-11 07:49:13'),
(25,'Kodt0U80A9',4,'/pictures/0918351876143541_D_53SP.jpg',70196,'2021-05-11 10:35:18','2021-05-11 10:35:18','2021-05-11 10:35:18'),
(26,'Kodt0U80A9',7,'/pictures/091835181494354102_500.jpg',26656,'2021-05-11 10:35:18','2021-05-11 10:35:18','2021-05-11 10:35:18');



INSERT INTO `stocks` VALUES 
('iJ0sMwofNQ101','iJ0sMwofNQ',10,1,10,'2021-05-09 06:37:06',NULL,'2021-05-09 06:37:06'),
('iJ0sMwofNQ102','iJ0sMwofNQ',10,2,10,'2021-05-09 06:37:06',NULL,'2021-05-09 06:37:06'),
('iJ0sMwofNQ31','iJ0sMwofNQ',3,1,10,'2021-05-09 06:37:06',NULL,'2021-05-09 06:37:06'),
('iJ0sMwofNQ32','iJ0sMwofNQ',3,2,10,'2021-05-09 06:37:06',NULL,'2021-05-09 06:37:06'),
('Kodt0U80A942','Kodt0U80A9',4,2,10,'2021-05-09 10:35:18',NULL,'2021-05-09 07:49:13'),
('Kodt0U80A944','Kodt0U80A9',4,4,10,'2021-05-09 10:35:18',NULL,'2021-05-09 07:49:13'),
('Kodt0U80A972','Kodt0U80A9',7,2,10,'2021-05-09 10:35:18',NULL,'2021-05-09 07:49:13'),
('Kodt0U80A974','Kodt0U80A9',7,4,10,'2021-05-09 10:35:18',NULL,'2021-05-09 07:49:13'),
('p3dFNdntUv13','p3dFNdntUv',1,3,10,'2021-05-09 07:11:41',NULL,'2021-05-09 07:11:41'),
('p3dFNdntUv14','p3dFNdntUv',1,4,10,'2021-05-09 07:11:41',NULL,'2021-05-09 07:11:41'),
('p3dFNdntUv73','p3dFNdntUv',7,3,10,'2021-05-09 07:11:41',NULL,'2021-05-09 07:11:41'),
('p3dFNdntUv74','p3dFNdntUv',7,4,0,'2021-05-09 07:11:41',NULL,'2021-05-09 07:11:41'),
('p3dFNdntUv83','p3dFNdntUv',8,3,0,'2021-05-09 07:11:41',NULL,'2021-05-09 07:11:41'),
('p3dFNdntUv84','p3dFNdntUv',8,4,0,'2021-05-09 07:11:41',NULL,'2021-05-09 07:11:41'),
('sSeI6QexxL101','sSeI6QexxL',10,1,10,'2021-05-09 07:38:14',NULL,'2021-05-09 07:38:14'),
('sSeI6QexxL102','sSeI6QexxL',10,2,10,'2021-05-09 07:38:14',NULL,'2021-05-09 07:38:14'),
('sSeI6QexxL103','sSeI6QexxL',10,3,10,'2021-05-09 07:38:14',NULL,'2021-05-09 07:38:14'),
('sSeI6QexxL21','sSeI6QexxL',2,1,10,'2021-05-09 07:38:14',NULL,'2021-05-09 07:38:14'),(
'sSeI6QexxL22','sSeI6QexxL',2,2,10,'2021-05-09 07:38:14',NULL,'2021-05-09 07:38:14'),
('sSeI6QexxL23','sSeI6QexxL',2,3,10,'2021-05-09 07:38:14',NULL,'2021-05-09 07:38:14'),
('sSeI6QexxL31','sSeI6QexxL',3,1,10,'2021-05-09 07:38:14',NULL,'2021-05-09 07:38:14'),
('sSeI6QexxL32','sSeI6QexxL',3,2,10,'2021-05-09 07:38:14',NULL,'2021-05-09 07:38:14'),
('sSeI6QexxL33','sSeI6QexxL',3,3,10,'2021-05-09 07:38:14',NULL,'2021-05-09 07:38:14'),
('U7iLfOd0od31','U7iLfOd0od',3,1,0,'2021-05-09 07:07:29',NULL,'2021-05-09 07:07:29'),
('U7iLfOd0od32','U7iLfOd0od',3,2,0,'2021-05-09 07:07:29',NULL,'2021-05-09 07:07:29'),
('U7iLfOd0od61','U7iLfOd0od',6,1,0,'2021-05-09 07:07:29',NULL,'2021-05-09 07:07:29'),
('U7iLfOd0od62','U7iLfOd0od',6,2,0,'2021-05-09 07:07:29',NULL,'2021-05-09 07:07:29'),
('vshOry5xdL31','vshOry5xdL',3,1,10,'2021-05-09 07:49:13',NULL,'2021-05-09 07:49:13'),
('vshOry5xdL32','vshOry5xdL',3,2,10,'2021-05-09 07:49:13',NULL,'2021-05-09 07:49:13'),
('vshOry5xdL33','vshOry5xdL',3,3,10,'2021-05-09 07:49:13',NULL,'2021-05-09 07:49:13'),
('vshOry5xdL34','vshOry5xdL',3,4,10,'2021-05-09 07:49:13',NULL,'2021-05-09 07:49:13'),
('vshOry5xdL71','vshOry5xdL',7,1,10,'2021-05-09 07:49:13',NULL,'2021-05-09 07:49:13'),
('vshOry5xdL72','vshOry5xdL',7,2,10,'2021-05-09 07:49:13',NULL,'2021-05-09 07:49:13'),
('vshOry5xdL73','vshOry5xdL',7,3,10,'2021-05-09 07:49:13',NULL,'2021-05-09 07:49:13'),
('vshOry5xdL74','vshOry5xdL',7,4,10,'2021-05-09 07:49:13',NULL,'2021-05-09 07:49:13'),
('yjEj4wKN7022','yjEj4wKN70',2,2,10,'2021-05-09 07:24:16',NULL,'2021-05-09 07:24:16'),
('yjEj4wKN7023','yjEj4wKN70',2,3,10,'2021-05-09 07:24:16',NULL,'2021-05-09 07:24:16'),
('yjEj4wKN7062','yjEj4wKN70',6,2,10,'2021-05-09 07:24:16',NULL,'2021-05-09 07:24:16'),
('yjEj4wKN7063','yjEj4wKN70',6,3,10,'2021-05-09 07:24:16',NULL,'2021-05-09 07:24:16');



-- UPDATE franshop.categories SET father_id = 4 WHERE id IN (24,25,26,29,30);
-- UPDATE franshop.categories SET father_id = 1 WHERE id IN (5,6,7,8,9,10,11,12);
-- UPDATE franshop.categories SET father_id = 3 WHERE id IN (17,18,19,20,21,22,23,27);
-- UPDATE franshop.categories SET father_id = 2 WHERE id IN (13,14,15,16);